Name,Email,PhoneNumber,City,ID
Chase Dean,diam.Pellentesque@etrutrumnon.ca,1-312-475-6351,Sankt Johann im Pongau,1642010111599
Carter Hester,congue.a@loremluctusut.ca,1-735-208-3055,Alken,1603091259999
Jin Alexander,nec@lectusjustoeu.ca,1-312-727-9058,Jemeppe-sur-Sambre,1688120251299
Xanthus Hodge,blandit.Nam@anteMaecenasmi.ca,1-358-347-4742,Glasgow,1684021749599
Kasper Whitaker,enim@volutpat.edu,1-637-372-5544,Roveredo in Piano,1602122229699
Orson Raymond,enim.condimentum.eget@porttitor.ca,1-703-918-5934,Altamura,1672112920599
Alec Byers,Proin@mipedenonummy.edu,1-536-367-0721,Beigem,1606051416399
Brennan Ballard,turpis.In@cursus.ca,1-734-340-3365,Moen,1680101106399
Jarrod Collins,purus.sapien@eteuismod.org,1-840-199-8250,Paulatuk,1603030834699
Thor Everett,eget.venenatis@nibhsitamet.net,1-852-221-0443,Murwara,1646121376999
Philip Parker,faucibus.ut@massaQuisque.ca,1-265-509-5492,Alken,1639102113999
Prescott Noel,massa.rutrum.magna@velit.net,1-267-652-0097,Gonars,1662012578699
Jacob Gutierrez,nulla@convallisconvallisdolor.org,1-628-374-7408,Bhavnagar,1657080937099
Abraham Mcmillan,sit.amet.consectetuer@Cumsociisnatoque.ca,1-367-554-2775,Namen,1614092680399
Ethan Conway,pretium@dictumsapienAenean.net,1-661-659-5374,Merbes-le-Ch‰teau,1689053059999
Harlan Camacho,arcu.Sed@erosnec.ca,1-873-839-5192,Pietrarubbia,1619022799799
Garth Cote,nibh@interdumliberodui.edu,1-833-364-2005,Friedrichshafen,1638121864499
Ivor Higgins,vitae.velit.egestas@euultricessit.ca,1-602-979-1915,Birmingham,1619081062199
Ferdinand Deleon,molestie.tortor@atsem.co.uk,1-291-316-5638,Evansville,1659051960799
Thor Jimenez,ipsum.Curabitur@convallis.ca,1-628-314-6317,Cork,1675110732699
David Christensen,nonummy.Fusce@elitsedconsequat.co.uk,1-157-588-4382,Smoky Lake,1623022776199
Amir Wilkins,Aliquam.gravida@risusQuisque.com,1-461-752-1196,Proddatur,1642031536599
Cain Winters,orci@Integer.org,1-934-219-1318,Bournemouth,1634051319099
Mason Waller,eros@Lorem.com,1-371-786-1339,Hines Creek,1693122991399
Ali Wiley,nulla.ante@afelis.org,1-282-423-5852,Scena/Schenna,1664061458599
Melvin Emerson,fringilla.purus.mauris@pellentesqueSeddictum.org,1-173-256-2578,Castres,1689060974999
Timothy Cook,morbi.tristique.senectus@Fuscealiquamenim.edu,1-152-419-0187,Batiscan,1603080297699
Colin Downs,magna@tempusmauris.co.uk,1-953-848-5010,Lang,1617062303999
Raja Fletcher,Nam@nostra.ca,1-351-183-3216,Neerglabbeek,1695020314099
Devin Dejesus,senectus@Nam.co.uk,1-944-416-2416,Dundee,1623062263599
Beck Clay,ullamcorper.magna@gravidamauris.net,1-848-952-3468,Tribogna,1656022229199
Peter Spears,Sed.nunc.est@Duisa.ca,1-430-678-0253,Tongeren,1646012974899
Camden David,dictum.magna@SeddictumProin.co.uk,1-138-402-3050,Boncelles,1683081359699
Rigel Morgan,libero.Integer@nectempus.org,1-139-850-0952,Niterói,1699072280899
Gannon Strong,quis.accumsan@Duis.org,1-723-916-7095,Dorgali,1698030617299
Linus Ferrell,non.dui@vitaenibh.com,1-895-434-6153,Cartagena,1662041951399
Basil Hodges,lectus.Cum@nequevenenatislacus.co.uk,1-323-369-4958,Rengo,1601071576399
Andrew Fitzpatrick,aliquet.molestie.tellus@estNunc.ca,1-190-376-0222,Pencahue,1616061252399
Dillon Castaneda,eu.nulla.at@loremauctor.net,1-612-167-0534,Travo,1670093008099
Oscar Gilbert,ullamcorper.viverra.Maecenas@enim.co.uk,1-499-845-2742,Montignies-sur-Sambre,1661013077299
Quinn Ross,Curabitur@cursusIntegermollis.org,1-522-822-3199,Fosses-la-Ville,1697101093499
Raja Moon,vitae.sodales.at@accumsan.edu,1-484-873-4231,Bonnert,1608040257599
Zeus Bush,libero@urnanec.co.uk,1-822-165-6674,Norman Wells,1640061205099
Keane Flynn,egestas@etlaciniavitae.co.uk,1-721-116-8803,Bornival,1655082050299
Plato Stewart,sed.dictum.eleifend@tempusnonlacinia.org,1-864-907-6178,Vejano,1688020909499
Noble Logan,enim.nisl@dictumauguemalesuada.org,1-394-127-8445,Mont-sur-Marchienne,1694082398499
Xavier Crosby,Phasellus@quis.org,1-305-483-1127,Virelles,1615021352499
Abdul Vasquez,vestibulum@tortor.ca,1-137-118-5459,Sachs Harbour,1674111764999
Talon Bowen,sit@Crasdolor.co.uk,1-531-497-5145,Stonewall,1691070616999
Raja Baldwin,ante@eu.org,1-262-305-7390,San Donato di Ninea,1604091377999
Vladimir Arnold,adipiscing.ligula@Integerid.ca,1-566-528-9994,Dunstable,1616032102899
Ray Horton,nibh.Quisque@CuraeDonec.ca,1-362-633-5964,Calestano,1650120286399
Yasir Vincent,erat.in.consectetuer@nec.org,1-168-242-8076,San Antonio,1665041532599
Fritz Levine,odio.Aliquam@pharetra.net,1-837-403-4694,Ulloa (Barrial),1687072072899
Alexander Ellis,euismod@augue.edu,1-194-934-1472,Rotem,1666032762899
Samson Gay,In.mi.pede@nequesed.com,1-156-235-7299,Broechem,1686101842699
Jameson Gill,tempus@scelerisquenequesed.co.uk,1-399-341-0296,Pittsburgh,1692042395399
Jonah Best,molestie@varius.edu,1-265-933-2756,Rouvroy,1674010312899
Cullen Clay,amet.ornare@malesuadafringillaest.co.uk,1-223-356-8182,Zutphen,1649071858599
Acton Padilla,sapien@nondui.org,1-399-548-8406,Labrecque,1643120643799
Tarik Booth,ac@Aliquameratvolutpat.ca,1-193-521-7226,Bournemouth,1606010860199
Leonard Terry,Vivamus@nasceturridiculusmus.edu,1-849-930-3849,Schwalbach,1611072321899
Melvin Hyde,odio.Phasellus@a.net,1-740-244-1987,Raymond,1622061576599
Chancellor Howell,lacus@atsem.org,1-867-148-0433,Chandrapur,1629080692199
Perry Dunn,Integer.urna.Vivamus@velitSedmalesuada.ca,1-119-311-9210,Port Moody,1665021544199
Wing Carr,Phasellus.elit.pede@tincidunt.com,1-797-762-3345,Angers,1689072732599
Kelly Rodriquez,Vestibulum.accumsan.neque@famesacturpis.co.uk,1-407-769-6368,Piegaro,1645031299499
Thane Meadows,eleifend@sociis.com,1-614-883-9788,La Granja,1624050252999
Kenneth Weeks,placerat.augue.Sed@ligulaeuenim.net,1-847-107-5942,Dorval,1697021487499
Cain Bailey,Phasellus@vitae.com,1-796-447-0012,Barrhead,1670010752399
Ralph Gallegos,Etiam.imperdiet.dictum@elit.co.uk,1-726-566-2447,Paine,1600013042799
Uriah Aguilar,ac@neque.co.uk,1-456-471-8745,Vaughan,1640090302599
Brenden Mclaughlin,purus@eleifendnecmalesuada.com,1-257-927-6397,Stockton-on-Tees,1616020823899
Sean Barlow,semper.Nam.tempor@facilisisvitaeorci.org,1-775-732-2282,Vauda Canavese,1602032218499
Dale Lloyd,aliquet@mollisnec.com,1-862-403-5942,Torchiarolo,1682100423999
Ronan Lane,dui.semper.et@turpisIn.edu,1-654-845-5042,Court-Saint-Etienne,1647070140699
Byron Koch,dolor.tempus@urnanecluctus.org,1-357-342-8721,Bearberry,1602081507899
Rogan Duncan,Nulla.eu@lacusQuisquepurus.co.uk,1-619-497-3368,Cumnock,1677050304599
Fitzgerald Andrews,Aliquam.nec.enim@liberoMorbi.com,1-223-591-3940,Malartic,1622052773099
Dexter Campbell,aliquam@eueuismod.co.uk,1-623-907-4413,Plainevaux,1642100214799
Jarrod Houston,ipsum@nec.org,1-998-369-2063,Champlain,1604110345899
Herrod Burgess,non.quam@etmagnis.ca,1-622-527-0519,Sylvan Lake,1653082047899
Branden House,elit@lobortisaugue.com,1-635-569-6047,Bellevue,1621062787499
Lester Bryant,ullamcorper.Duis@Praesent.com,1-858-251-5135,Lochgilphead,1639061908299
Ulysses David,euismod.enim.Etiam@Suspendisseeleifend.net,1-427-846-5318,Flensburg,1688072443299
Zeph Riggs,tincidunt.nunc.ac@velit.co.uk,1-947-308-1474,Rock Springs,1689041360799
Emerson Schmidt,bibendum@ornareFuscemollis.com,1-108-230-9796,Rae-Edzo,1614122081399
Branden Ryan,nascetur@Proindolor.ca,1-173-198-5900,Wanaka,1644092364699
Igor Hurley,et.pede@parturientmontesnascetur.net,1-292-516-3090,İzmit,1603110963699
Porter Richmond,odio@Aliquam.com,1-587-176-6080,Enschede,1675112699699
Ralph Clements,ipsum@Duisacarcu.co.uk,1-259-475-6090,Sint-Kruis-Winkel,1604041882699
Vaughan Henderson,augue.eu.tellus@Nunc.net,1-771-907-5041,Cras-Avernas,1628080319799
Xenos Coleman,Donec.consectetuer.mauris@Praesenteudui.ca,1-492-242-9923,Muzaffarpur,1652092591799
Paul Battle,Donec.non@sit.ca,1-417-979-9788,Baie-d'Urf�,1658081984799
Luke Monroe,Nulla.eget@semperrutrum.ca,1-962-383-2670,Sint-Jans-Molenbeek,1637050814099
Jason Reid,nunc@lorem.org,1-767-845-5874,Jodhpur,1630070252399
Aidan Grimes,sit.amet.risus@mollisnon.co.uk,1-858-329-9142,H�rouxville,1686011369399
Oscar Kemp,a.malesuada.id@quam.co.uk,1-803-985-5620,Las Palmas,1668102856699
Joel Vang,vitae.aliquet.nec@dolorNulla.com,1-125-136-8445,Drogenbos,1667031370999
Xander Patterson,malesuada.fringilla.est@loremeumetus.ca,1-138-579-7079,Vadodara,1693041106099